70173,Stuttgart Stuttgart-Mitte,Baden-Wurttemberg,BW,Stuttgart,
70174,Stuttgart,Baden-Wurttemberg,BW,Stuttgart,
70176,Stuttgart,Baden-Wurttemberg,BW,Stuttgart,
70178,Stuttgart Stuttgart-West,Baden-Wurttemberg,BW,Stuttgart,
70180,Stuttgart,Baden-Wurttemberg,BW,Stuttgart,
70182,Stuttgart,Baden-Wurttemberg,BW,Stuttgart,
70184,Stuttgart,Baden-Wurttemberg,BW,Stuttgart,
70186,Stuttgart,Baden-Wurttemberg,BW,Stuttgart,
70188,Stuttgart,Baden-Wurttemberg,BW,Stuttgart,
70190,Stuttgart Stuttgart-Ost,Baden-Wurttemberg,BW,Stuttgart,
70191,Stuttgart,Baden-Wurttemberg,BW,Stuttgart,
70192,Stuttgart Feuerbach,Baden-Wurttemberg,BW,Stuttgart,
70193,Stuttgart,Baden-Wurttemberg,BW,Stuttgart,
70195,Stuttgart,Baden-Wurttemberg,BW,Stuttgart,
70197,Stuttgart,Baden-Wurttemberg,BW,Stuttgart,
70199,Stuttgart Stuttgart-Sud,Baden-Wurttemberg,BW,Stuttgart,
70327,Stuttgart Rotenberg,Baden-Wurttemberg,BW,Stuttgart,
70329,Stuttgart,Baden-Wurttemberg,BW,Stuttgart,
70372,Stuttgart,Baden-Wurttemberg,BW,Stuttgart,
70374,Stuttgart,Baden-Wurttemberg,BW,Stuttgart,
70376,Stuttgart Burgholzhof,Baden-Wurttemberg,BW,Stuttgart,
70378,Stuttgart,Baden-Wurttemberg,BW,Stuttgart,
70435,Stuttgart,Baden-Wurttemberg,BW,Stuttgart,
70437,Stuttgart Zuffenhausen,Baden-Wurttemberg,BW,Stuttgart,
70439,Stuttgart Neuwirtshaus,Baden-Wurttemberg,BW,Stuttgart,
70469,Stuttgart Feuerbach,Baden-Wurttemberg,BW,Stuttgart,
70499,Stuttgart Giebel,Baden-Wurttemberg,BW,Stuttgart,
70563,Stuttgart Mohringen,Baden-Wurttemberg,BW,Stuttgart,
70565,Stuttgart Durrlewang,Baden-Wurttemberg,BW,Stuttgart,
70567,Stuttgart Mohringen,Baden-Wurttemberg,BW,Stuttgart,
70569,Stuttgart Vaihingen,Baden-Wurttemberg,BW,Stuttgart,
70597,Stuttgart Degerloch,Baden-Wurttemberg,BW,Stuttgart,
70599,Stuttgart Schonberg,Baden-Wurttemberg,BW,Stuttgart,
70619,Stuttgart Heumaden,Baden-Wurttemberg,BW,Stuttgart,
70629,Stuttgart Flughafen,Baden-Wurttemberg,BW,Stuttgart,
70734,Fellbach,Baden-Wurttemberg,BW,Rems-Murr-Kreis,
70736,Fellbach,Baden-Wurttemberg,BW,Rems-Murr-Kreis,
70771,Leinfelden-Echterdingen,Baden-Wurttemberg,BW,Esslingen,
70794,Filderstadt,Baden-Wurttemberg,BW,Esslingen,
70806,Kornwestheim,Baden-Wurttemberg,BW,Ludwigsburg,
70825,Korntal-Munchingen,Baden-Wurttemberg,BW,Ludwigsburg,
70839,Gerlingen,Baden-Wurttemberg,BW,Ludwigsburg,
71032,Boblingen,Baden-Wurttemberg,BW,Boblingen,
71034,Boblingen,Baden-Wurttemberg,BW,Boblingen,
71063,Sindelfingen,Baden-Wurttemberg,BW,Boblingen,
71065,Sindelfingen,Baden-Wurttemberg,BW,Boblingen,
71067,Sindelfingen,Baden-Wurttemberg,BW,Boblingen,
71069,Sindelfingen,Baden-Wurttemberg,BW,Landkreis Boblingen,
71083,Herrenberg,Baden-Wurttemberg,BW,Boblingen,
71088,Holzgerlingen,Baden-Wurttemberg,BW,Boblingen,
71093,Weil im Schonbuch,Baden-Wurttemberg,BW,Boblingen,
71101,Schonaich,Baden-Wurttemberg,BW,Boblingen,
71106,Magstadt,Baden-Wurttemberg,BW,Boblingen,
71111,Waldenbuch,Baden-Wurttemberg,BW,Boblingen,
71116,Gartringen,Baden-Wurttemberg,BW,Boblingen,
71120,Grafenau,Baden-Wurttemberg,BW,Boblingen,
71126,Gaufelden,Baden-Wurttemberg,BW,Boblingen,
71131,Jettingen,Baden-Wurttemberg,BW,Boblingen,
71134,Aidlingen,Baden-Wurttemberg,BW,Boblingen,
71139,Ehningen,Baden-Wurttemberg,BW,Boblingen,
71144,Steinenbronn,Baden-Wurttemberg,BW,Boblingen,
71149,Bondorf,Baden-Wurttemberg,BW,Boblingen,
71154,Nufringen,Baden-Wurttemberg,BW,Boblingen,
71155,Altdorf,Baden-Wurttemberg,BW,Boblingen,
71157,Hildrizhausen,Baden-Wurttemberg,BW,Boblingen,
71159,Motzingen,Baden-Wurttemberg,BW,Boblingen,
71229,Leonberg,Baden-Wurttemberg,BW,Boblingen,
71254,Ditzingen,Baden-Wurttemberg,BW,Ludwigsburg,
71263,Weil der Stadt,Baden-Wurttemberg,BW,Boblingen,
71272,Renningen,Baden-Wurttemberg,BW,Boblingen,
71277,Rutesheim,Baden-Wurttemberg,BW,Boblingen,
71282,Hemmingen,Baden-Wurttemberg,BW,Ludwigsburg,
71287,Weissach,Baden-Wurttemberg,BW,Boblingen,
71292,Friolzheim,Baden-Wurttemberg,BW,Enzkreis,
71296,Heimsheim,Baden-Wurttemberg,BW,Enzkreis,
71297,Monsheim,Baden-Wurttemberg,BW,Enzkreis,
71299,Wimsheim,Baden-Wurttemberg,BW,Enzkreis,
71332,Waiblingen,Baden-Wurttemberg,BW,Rems-Murr-Kreis,
71334,Waiblingen,Baden-Wurttemberg,BW,Rems-Murr-Kreis,
71336,Waiblingen,Baden-Wurttemberg,BW,Rems-Murr-Kreis,
71364,Winnenden,Baden-Wurttemberg,BW,Rems-Murr-Kreis,
71384,Weinstadt,Baden-Wurttemberg,BW,Rems-Murr-Kreis,
71394,Kernen im Remstal,Baden-Wurttemberg,BW,Rems-Murr-Kreis,
71397,Leutenbach,Baden-Wurttemberg,BW,Rems-Murr-Kreis,
71404,Korb,Baden-Wurttemberg,BW,Rems-Murr-Kreis,
71409,Schwaikheim,Baden-Wurttemberg,BW,Rems-Murr-Kreis,
71522,Backnang,Baden-Wurttemberg,BW,Rems-Murr-Kreis,
71540,Murrhardt,Baden-Wurttemberg,BW,Rems-Murr-Kreis,
71543,Beilstein,Baden-Wurttemberg,BW,Heilbronn,
71546,Aspach,Baden-Wurttemberg,BW,Rems-Murr-Kreis,
71549,Auenwald,Baden-Wurttemberg,BW,Rems-Murr-Kreis,
71554,Weissach im Tal,Baden-Wurttemberg,BW,Rems-Murr-Kreis,
71560,Sulzbach an der Murr,Baden-Wurttemberg,BW,Rems-Murr-Kreis,
71563,Affalterbach,Baden-Wurttemberg,BW,Ludwigsburg,
71566,Althutte,Baden-Wurttemberg,BW,Rems-Murr-Kreis,
71570,Oppenweiler,Baden-Wurttemberg,BW,Rems-Murr-Kreis,
71573,Allmersbach im Tal,Baden-Wurttemberg,BW,Rems-Murr-Kreis,
71576,Burgstetten,Baden-Wurttemberg,BW,Rems-Murr-Kreis,
71577,Gro?erlach,Baden-Wurttemberg,BW,Rems-Murr-Kreis,
71579,Spiegelberg,Baden-Wurttemberg,BW,Rems-Murr-Kreis,
71634,Ludwigsburg,Baden-Wurttemberg,BW,Ludwigsburg,
71636,Ludwigsburg,Baden-Wurttemberg,BW,Ludwigsburg,
71638,Ludwigsburg,Baden-Wurttemberg,BW,Ludwigsburg,
71640,Ludwigsburg,Baden-Wurttemberg,BW,Ludwigsburg,
71642,Ludwigsburg,Baden-Wurttemberg,BW,Ludwigsburg,
71665,Vaihingen an der Enz,Baden-Wurttemberg,BW,Ludwigsburg,
71672,Marbach am Neckar,Baden-Wurttemberg,BW,Ludwigsburg,
71679,Asperg,Baden-Wurttemberg,BW,Ludwigsburg,
71686,Remseck am Neckar,Baden-Wurttemberg,BW,Ludwigsburg,
71691,Freiberg am Neckar,Baden-Wurttemberg,BW,Ludwigsburg,
71696,Moglingen,Baden-Wurttemberg,BW,Ludwigsburg,
71701,Schwieberdingen,Baden-Wurttemberg,BW,Ludwigsburg,
71706,Markgroningen,Baden-Wurttemberg,BW,Ludwigsburg,
71711,Steinheim an der Murr,Baden-Wurttemberg,BW,Ludwigsburg,
71717,Beilstein,Baden-Wurttemberg,BW,Heilbronn,
71718,Billensbach,Baden-Wurttemberg,BW,Heilbronn,
71720,Oberstenfeld,Baden-Wurttemberg,BW,Ludwigsburg,
71723,Gro?bottwar,Baden-Wurttemberg,BW,Ludwigsburg,
71726,Benningen am Neckar,Baden-Wurttemberg,BW,Ludwigsburg,
71729,Erdmannhausen,Baden-Wurttemberg,BW,Ludwigsburg,
71732,Tamm,Baden-Wurttemberg,BW,Ludwigsburg,
71735,Eberdingen,Baden-Wurttemberg,BW,Ludwigsburg,
71737,Kirchberg an der Murr,Baden-Wurttemberg,BW,Rems-Murr-Kreis,
71739,Oberriexingen,Baden-Wurttemberg,BW,Ludwigsburg,
72070,Tubingen,Baden-Wurttemberg,BW,Tubingen,
72072,Tubingen,Baden-Wurttemberg,BW,Tubingen,
72074,Tubingen,Baden-Wurttemberg,BW,Tubingen,
72076,Tubingen,Baden-Wurttemberg,BW,Tubingen,
72108,Rottenburg am Neckar,Baden-Wurttemberg,BW,Tubingen,
72116,Mossingen,Baden-Wurttemberg,BW,Tubingen,
72119,Ammerbuch,Baden-Wurttemberg,BW,Tubingen,
72124,Pliezhausen,Baden-Wurttemberg,BW,Reutlingen,
72127,Kusterdingen,Baden-Wurttemberg,BW,Tubingen,
72131,Ofterdingen,Baden-Wurttemberg,BW,Tubingen,
72135,Dettenhausen,Baden-Wurttemberg,BW,Tubingen,
72138,Kirchentellinsfurt,Baden-Wurttemberg,BW,Tubingen,
72141,Walddorfhaslach,Baden-Wurttemberg,BW,Reutlingen,
72144,Du?lingen,Baden-Wurttemberg,BW,Tubingen,
72145,Hirrlingen,Baden-Wurttemberg,BW,Tubingen,
72147,Nehren,Baden-Wurttemberg,BW,Tubingen,
72149,Neustetten,Baden-Wurttemberg,BW,Tubingen,
72160,Horb am Neckar,Baden-Wurttemberg,BW,Freudenstadt,
72172,Sulz am Neckar,Baden-Wurttemberg,BW,Rottweil,
72175,Dornhan,Baden-Wurttemberg,BW,Rottweil,
72178,Waldachtal,Baden-Wurttemberg,BW,Freudenstadt,
72181,Starzach,Baden-Wurttemberg,BW,Tubingen,
72184,Eutingen im Gau,Baden-Wurttemberg,BW,Freudenstadt,
72186,Empfingen,Baden-Wurttemberg,BW,Freudenstadt,
72189,Vohringen,Baden-Wurttemberg,BW,Rottweil,
72202,Nagold,Baden-Wurttemberg,BW,Calw,
72213,Altensteig,Baden-Wurttemberg,BW,Calw,
72218,Wildberg,Baden-Wurttemberg,BW,Calw,
72221,Haiterbach,Baden-Wurttemberg,BW,Calw,
72224,Ebhausen,Baden-Wurttemberg,BW,Calw,
72226,Simmersfeld,Baden-Wurttemberg,BW,Calw,
72227,Egenhausen,Baden-Wurttemberg,BW,Calw,
72229,Rohrdorf,Baden-Wurttemberg,BW,Calw,
72250,Freudenstadt,Baden-Wurttemberg,BW,Freudenstadt,
72270,Baiersbronn,Baden-Wurttemberg,BW,Freudenstadt,
72275,Alpirsbach,Baden-Wurttemberg,BW,Freudenstadt,
72280,Dornstetten,Baden-Wurttemberg,BW,Freudenstadt,
72285,Pfalzgrafenweiler,Baden-Wurttemberg,BW,Freudenstadt,
72290,Lo?burg,Baden-Wurttemberg,BW,Freudenstadt,
72291,Betzweiler-Walde,Baden-Wurttemberg,BW,Freudenstadt,
72293,Glatten,Baden-Wurttemberg,BW,Freudenstadt,
72294,Grombach,Baden-Wurttemberg,BW,Freudenstadt,
72296,Schopfloch,Baden-Wurttemberg,BW,Freudenstadt,
72297,Seewald,Baden-Wurttemberg,BW,Freudenstadt,
72299,Wornersberg,Baden-Wurttemberg,BW,Freudenstadt,
72336,Balingen,Baden-Wurttemberg,BW,Zollernalbkreis,
72348,Rosenfeld,Baden-Wurttemberg,BW,Zollernalbkreis,
72351,Geislingen,Baden-Wurttemberg,BW,Zollernalbkreis,
72355,Schomberg,Baden-Wurttemberg,BW,Zollernalbkreis,
72356,Dautmergen,Baden-Wurttemberg,BW,Zollernalbkreis,
72358,Dormettingen,Baden-Wurttemberg,BW,Zollernalbkreis,
72359,Dotternhausen,Baden-Wurttemberg,BW,Zollernalbkreis,
72361,Hausen am Tann,Baden-Wurttemberg,BW,Zollernalbkreis,
72362,Nusplingen,Baden-Wurttemberg,BW,Zollernalbkreis,
72364,Obernheim,Baden-Wurttemberg,BW,Zollernalbkreis,
72365,Ratshausen,Baden-Wurttemberg,BW,Zollernalbkreis,
72367,Weilen unter den Rinnen,Baden-Wurttemberg,BW,Zollernalbkreis,
72369,Zimmern unter der Burg,Baden-Wurttemberg,BW,Zollernalbkreis,
72379,Hechingen,Baden-Wurttemberg,BW,Zollernalbkreis,
72393,Burladingen,Baden-Wurttemberg,BW,Zollernalbkreis,
72401,Haigerloch,Baden-Wurttemberg,BW,Zollernalbkreis,
72406,Bisingen,Baden-Wurttemberg,BW,Zollernalbkreis,
72411,Bodelshausen,Baden-Wurttemberg,BW,Tubingen,
72414,Rangendingen,Baden-Wurttemberg,BW,Zollernalbkreis,
72415,Grosselfingen,Baden-Wurttemberg,BW,Zollernalbkreis,
72417,Jungingen,Baden-Wurttemberg,BW,Zollernalbkreis,
72419,Neufra,Baden-Wurttemberg,BW,Sigmaringen,
72458,Albstadt,Baden-Wurttemberg,BW,Zollernalbkreis,
72459,Albstadt,Baden-Wurttemberg,BW,Zollernalbkreis,
72461,Albstadt,Baden-Wurttemberg,BW,Zollernalbkreis,
72469,Me?stetten,Baden-Wurttemberg,BW,Zollernalbkreis,
72474,Winterlingen,Baden-Wurttemberg,BW,Zollernalbkreis,
72475,Bitz,Baden-Wurttemberg,BW,Zollernalbkreis,
72477,Schwenningen,Baden-Wurttemberg,BW,Sigmaringen,
72479,Stra?berg,Baden-Wurttemberg,BW,Zollernalbkreis,
72488,Sigmaringen,Baden-Wurttemberg,BW,Sigmaringen,
72501,Gammertingen,Baden-Wurttemberg,BW,Sigmaringen,
72505,Krauchenwies,Baden-Wurttemberg,BW,Sigmaringen,
72510,Stetten am kalten Markt,Baden-Wurttemberg,BW,Sigmaringen,
72511,Bingen,Baden-Wurttemberg,BW,Sigmaringen,
72513,Hettingen,Baden-Wurttemberg,BW,Sigmaringen,
72514,Inzigkofen,Baden-Wurttemberg,BW,Sigmaringen,
72516,Scheer,Baden-Wurttemberg,BW,Sigmaringen,
72517,Sigmaringendorf,Baden-Wurttemberg,BW,Sigmaringen,
72519,Veringenstadt,Baden-Wurttemberg,BW,Sigmaringen,
72525,Munsingen,Baden-Wurttemberg,BW,Reutlingen,
72531,Hohenstein Oberstetten,Baden-Wurttemberg,BW,Reutlingen,
72532,Gomadingen,Baden-Wurttemberg,BW,Reutlingen,
72534,Hayingen,Baden-Wurttemberg,BW,Reutlingen,
72535,Heroldstatt Ennabeuren,Baden-Wurttemberg,BW,Alb-Donau-Kreis,
72537,Mehrstetten,Baden-Wurttemberg,BW,Reutlingen,
72539,Pfronstetten,Baden-Wurttemberg,BW,Reutlingen,
72555,Metzingen,Baden-Wurttemberg,BW,Reutlingen,
72574,Bad Urach,Baden-Wurttemberg,BW,Reutlingen,
72581,Dettingen an der Erms,Baden-Wurttemberg,BW,Reutlingen,
72582,Grabenstetten,Baden-Wurttemberg,BW,Reutlingen,
72584,Hulben,Baden-Wurttemberg,BW,Reutlingen,
72585,Riederich,Baden-Wurttemberg,BW,Reutlingen,
72587,Romerstein,Baden-Wurttemberg,BW,Reutlingen,
72589,Westerheim,Baden-Wurttemberg,BW,Alb-Donau-Kreis,
72622,Nurtingen,Baden-Wurttemberg,BW,Esslingen,
72631,Aichtal,Baden-Wurttemberg,BW,Esslingen,
72636,Frickenhausen,Baden-Wurttemberg,BW,Esslingen,
72639,Neuffen,Baden-Wurttemberg,BW,Esslingen,
72644,Oberboihingen,Baden-Wurttemberg,BW,Esslingen,
72649,Wolfschlugen,Baden-Wurttemberg,BW,Esslingen,
72654,Neckartenzlingen,Baden-Wurttemberg,BW,Esslingen,
72655,Altdorf,Baden-Wurttemberg,BW,Esslingen,
72657,Altenriet,Baden-Wurttemberg,BW,Esslingen,
72658,Bempflingen,Baden-Wurttemberg,BW,Esslingen,
72660,Beuren,Baden-Wurttemberg,BW,Esslingen,
72661,Grafenberg,Baden-Wurttemberg,BW,Reutlingen,
72663,Gro?bettlingen,Baden-Wurttemberg,BW,Esslingen,
72664,Kohlberg,Baden-Wurttemberg,BW,Esslingen,
72666,Neckartailfingen,Baden-Wurttemberg,BW,Esslingen,
72667,Schlaitdorf,Baden-Wurttemberg,BW,Esslingen,
72669,Unterensingen,Baden-Wurttemberg,BW,Esslingen,
72760,Reutlingen,Baden-Wurttemberg,BW,Reutlingen,
72762,Reutlingen,Baden-Wurttemberg,BW,Reutlingen,
72764,Reutlingen,Baden-Wurttemberg,BW,Reutlingen,
72766,Reutlingen,Baden-Wurttemberg,BW,Reutlingen,
72768,Reutlingen,Baden-Wurttemberg,BW,Reutlingen,
72770,Reutlingen,Baden-Wurttemberg,BW,Reutlingen,
72793,Pfullingen,Baden-Wurttemberg,BW,Reutlingen,
72800,Eningen unter Achalm,Baden-Wurttemberg,BW,Reutlingen,
72805,Lichtenstein,Baden-Wurttemberg,BW,Reutlingen,
72810,Gomaringen,Baden-Wurttemberg,BW,Tubingen,
72813,Sankt Johann,Baden-Wurttemberg,BW,Reutlingen,
72818,Trochtelfingen,Baden-Wurttemberg,BW,Reutlingen,
72820,Sonnenbuhl,Baden-Wurttemberg,BW,Reutlingen,
72827,Wannweil,Baden-Wurttemberg,BW,Reutlingen,
72829,Engstingen Kleinengstingen,Baden-Wurttemberg,BW,Reutlingen,
73033,Goppingen,Baden-Wurttemberg,BW,Goppingen,
73035,Goppingen,Baden-Wurttemberg,BW,Goppingen,
73037,Goppingen,Baden-Wurttemberg,BW,Goppingen,
73054,Eislingen/Fils,Baden-Wurttemberg,BW,Goppingen,
73061,Ebersbach an der Fils,Baden-Wurttemberg,BW,Goppingen,
73066,Uhingen,Baden-Wurttemberg,BW,Goppingen,
73072,Donzdorf,Baden-Wurttemberg,BW,Goppingen,
73079,Su?en,Baden-Wurttemberg,BW,Goppingen,
73084,Salach,Baden-Wurttemberg,BW,Goppingen,
73087,Boll,Baden-Wurttemberg,BW,Goppingen,
73092,Heiningen,Baden-Wurttemberg,BW,Goppingen,
73095,Albershausen,Baden-Wurttemberg,BW,Goppingen,
73098,Rechberghausen,Baden-Wurttemberg,BW,Goppingen,
73099,Adelberg,Baden-Wurttemberg,BW,Goppingen,
73101,Aichelberg,Baden-Wurttemberg,BW,Goppingen,
73102,Birenbach,Baden-Wurttemberg,BW,Goppingen,
73104,Bortlingen,Baden-Wurttemberg,BW,Goppingen,
73105,Durnau,Baden-Wurttemberg,BW,Goppingen,
73107,Eschenbach,Baden-Wurttemberg,BW,Goppingen,
73108,Gammelshausen,Baden-Wurttemberg,BW,Goppingen,
73110,Hattenhofen,Baden-Wurttemberg,BW,Goppingen,
73111,Lauterstein,Baden-Wurttemberg,BW,Goppingen,
73113,Ottenbach,Baden-Wurttemberg,BW,Goppingen,
73114,Schlat,Baden-Wurttemberg,BW,Goppingen,
73116,Waschenbeuren,Baden-Wurttemberg,BW,Goppingen,
73117,Wangen,Baden-Wurttemberg,BW,Goppingen,
73119,Zell unter Aichelberg,Baden-Wurttemberg,BW,Goppingen,
73207,Plochingen,Baden-Wurttemberg,BW,Esslingen,
73230,Kirchheim unter Teck,Baden-Wurttemberg,BW,Esslingen,
73235,Weilheim an der Teck,Baden-Wurttemberg,BW,Esslingen,
73240,Wendlingen am Neckar,Baden-Wurttemberg,BW,Esslingen,
73249,Wernau,Baden-Wurttemberg,BW,Esslingen,
73252,Lenningen,Baden-Wurttemberg,BW,Esslingen,
73257,Kongen,Baden-Wurttemberg,BW,Esslingen,
73262,Reichenbach an der Fils,Baden-Wurttemberg,BW,Esslingen,
73265,Dettingen unter Teck,Baden-Wurttemberg,BW,Esslingen,
73266,Bissingen an der Teck,Baden-Wurttemberg,BW,Esslingen,
73268,Erkenbrechtsweiler,Baden-Wurttemberg,BW,Esslingen,
73269,Hochdorf,Baden-Wurttemberg,BW,Esslingen,
73271,Holzmaden,Baden-Wurttemberg,BW,Esslingen,
73272,Neidlingen,Baden-Wurttemberg,BW,Esslingen,
73274,Notzingen,Baden-Wurttemberg,BW,Esslingen,
73275,Ohmden,Baden-Wurttemberg,BW,Esslingen,
73277,Owen,Baden-Wurttemberg,BW,Esslingen,
73278,Schlierbach,Baden-Wurttemberg,BW,Goppingen,
73312,Geislingen an der Steige,Baden-Wurttemberg,BW,Goppingen,
73326,Deggingen,Baden-Wurttemberg,BW,Goppingen,
73329,Kuchen,Baden-Wurttemberg,BW,Goppingen,
73333,Gingen an der Fils,Baden-Wurttemberg,BW,Goppingen,
73337,Bad uberkingen,Baden-Wurttemberg,BW,Goppingen,
73340,Amstetten,Baden-Wurttemberg,BW,Alb-Donau-Kreis,
73342,Bad Ditzenbach,Baden-Wurttemberg,BW,Goppingen,
73344,Gruibingen,Baden-Wurttemberg,BW,Goppingen,
73345,Drackenstein,Baden-Wurttemberg,BW,Goppingen,
73347,Muhlhausen im Tale,Baden-Wurttemberg,BW,Goppingen,
73349,Wiesensteig,Baden-Wurttemberg,BW,Goppingen,
73430,Aalen,Baden-Wurttemberg,BW,Ostalbkreis,
73431,Aalen,Baden-Wurttemberg,BW,Ostalbkreis,
73432,Aalen,Baden-Wurttemberg,BW,Ostalbkreis,
73433,Aalen,Baden-Wurttemberg,BW,Ostalbkreis,
73434,Aalen,Baden-Wurttemberg,BW,Ostalbkreis,
73441,Bopfingen,Baden-Wurttemberg,BW,Ostalbkreis,
73447,Oberkochen,Baden-Wurttemberg,BW,Ostalbkreis,
73450,Neresheim,Baden-Wurttemberg,BW,Ostalbkreis,
73453,Abtsgmund,Baden-Wurttemberg,BW,Ostalbkreis,
73457,Essingen,Baden-Wurttemberg,BW,Ostalbkreis,
73460,Huttlingen,Baden-Wurttemberg,BW,Ostalbkreis,
73463,Westhausen,Baden-Wurttemberg,BW,Ostalbkreis,
73466,Lauchheim,Baden-Wurttemberg,BW,Ostalbkreis,
73467,Kirchheim am Ries,Baden-Wurttemberg,BW,Ostalbkreis,
73469,Riesburg,Baden-Wurttemberg,BW,Ostalbkreis,
73479,Ellwangen (Jagst),Baden-Wurttemberg,BW,Ostalbkreis,
73485,Unterschneidheim,Baden-Wurttemberg,BW,Ostalbkreis,
73486,Adelmannsfelden,Baden-Wurttemberg,BW,Ostalbkreis,
73488,Ellenberg,Baden-Wurttemberg,BW,Ostalbkreis,
73489,Jagstzell,Baden-Wurttemberg,BW,Ostalbkreis,
73491,Neuler,Baden-Wurttemberg,BW,Ostalbkreis,
73492,Rainau,Baden-Wurttemberg,BW,Ostalbkreis,
73494,Rosenberg,Baden-Wurttemberg,BW,Ostalbkreis,
73495,Stodtlen,Baden-Wurttemberg,BW,Ostalbkreis,
73497,Tannhausen,Baden-Wurttemberg,BW,Ostalbkreis,
73499,Wort,Baden-Wurttemberg,BW,Ostalbkreis,
73525,Schwabisch Gmund,Baden-Wurttemberg,BW,Ostalbkreis,
73527,Taferrot,Baden-Wurttemberg,BW,Ostalbkreis,
73529,Schwabisch Gmund,Baden-Wurttemberg,BW,Ostalbkreis,
73540,Heubach,Baden-Wurttemberg,BW,Ostalbkreis,
73547,Lorch,Baden-Wurttemberg,BW,Ostalbkreis,
73550,Waldstetten,Baden-Wurttemberg,BW,Ostalbkreis,
73553,Alfdorf,Baden-Wurttemberg,BW,Rems-Murr-Kreis,
73557,Mutlangen,Baden-Wurttemberg,BW,Ostalbkreis,
73560,Bobingen an der Rems,Baden-Wurttemberg,BW,Ostalbkreis,
73563,Mogglingen,Baden-Wurttemberg,BW,Ostalbkreis,
73565,Spraitbach,Baden-Wurttemberg,BW,Ostalbkreis,
73566,Bartholoma,Baden-Wurttemberg,BW,Ostalbkreis,
73568,Durlangen,Baden-Wurttemberg,BW,Ostalbkreis,
73569,Obergroningen,Baden-Wurttemberg,BW,Ostalbkreis,
73571,Goggingen,Baden-Wurttemberg,BW,Ostalbkreis,
73572,Heuchlingen,Baden-Wurttemberg,BW,Ostalbkreis,
73574,Iggingen,Baden-Wurttemberg,BW,Ostalbkreis,
73575,Leinzell,Baden-Wurttemberg,BW,Ostalbkreis,
73577,Ruppertshofen,Baden-Wurttemberg,BW,Ostalbkreis,
73579,Schechingen,Baden-Wurttemberg,BW,Ostalbkreis,
73614,Schorndorf,Baden-Wurttemberg,BW,Rems-Murr-Kreis,
73630,Remshalden,Baden-Wurttemberg,BW,Rems-Murr-Kreis,
73635,Rudersberg,Baden-Wurttemberg,BW,Rems-Murr-Kreis,
73642,Welzheim,Baden-Wurttemberg,BW,Rems-Murr-Kreis,
73650,Winterbach,Baden-Wurttemberg,BW,Rems-Murr-Kreis,
73655,Pluderhausen,Baden-Wurttemberg,BW,Rems-Murr-Kreis,
73660,Urbach,Baden-Wurttemberg,BW,Rems-Murr-Kreis,
73663,Berglen,Baden-Wurttemberg,BW,Rems-Murr-Kreis,
73666,Baltmannsweiler,Baden-Wurttemberg,BW,Esslingen,
73667,Kaisersbach,Baden-Wurttemberg,BW,Rems-Murr-Kreis,
73669,Lichtenwald,Baden-Wurttemberg,BW,Esslingen,
73728,Esslingen am Neckar,Baden-Wurttemberg,BW,Esslingen,
73730,Esslingen am Neckar,Baden-Wurttemberg,BW,Esslingen,
73732,Esslingen am Neckar,Baden-Wurttemberg,BW,Esslingen,
73733,Esslingen am Neckar,Baden-Wurttemberg,BW,Esslingen,
73734,Esslingen am Neckar,Baden-Wurttemberg,BW,Esslingen,
73760,Ostfildern,Baden-Wurttemberg,BW,Esslingen,
73765,Neuhausen auf den Fildern,Baden-Wurttemberg,BW,Esslingen,
73770,Denkendorf,Baden-Wurttemberg,BW,Esslingen,
73773,Aichwald,Baden-Wurttemberg,BW,Esslingen,
73776,Altbach,Baden-Wurttemberg,BW,Esslingen,
73779,Deizisau,Baden-Wurttemberg,BW,Esslingen,
74072,Heilbronn,Baden-Wurttemberg,BW,Heilbronn,
74074,Heilbronn,Baden-Wurttemberg,BW,Heilbronn,
74076,Heilbronn,Baden-Wurttemberg,BW,Heilbronn,
74078,Heilbronn,Baden-Wurttemberg,BW,Heilbronn,
74080,Heilbronn,Baden-Wurttemberg,BW,Heilbronn,
74081,Heilbronn,Baden-Wurttemberg,BW,Heilbronn,
74172,Neckarsulm,Baden-Wurttemberg,BW,Heilbronn,
74177,Bad Friedrichshall,Baden-Wurttemberg,BW,Heilbronn,
74182,Obersulm,Baden-Wurttemberg,BW,Heilbronn,
74189,Weinsberg,Baden-Wurttemberg,BW,Heilbronn,
74193,Schwaigern,Baden-Wurttemberg,BW,Heilbronn,
74196,Neuenstadt am Kocher,Baden-Wurttemberg,BW,Heilbronn,
74199,Untergruppenbach,Baden-Wurttemberg,BW,Heilbronn,
74206,Bad Wimpfen,Baden-Wurttemberg,BW,Heilbronn,
74211,Leingarten,Baden-Wurttemberg,BW,Heilbronn,
74214,Schontal,Baden-Wurttemberg,BW,Hohenlohekreis,
74219,Mockmuhl,Baden-Wurttemberg,BW,Heilbronn,
74223,Flein,Baden-Wurttemberg,BW,Heilbronn,
74226,Nordheim,Baden-Wurttemberg,BW,Heilbronn,
74229,Oedheim,Baden-Wurttemberg,BW,Heilbronn,
74232,Abstatt,Baden-Wurttemberg,BW,Heilbronn,
74235,Erlenbach,Baden-Wurttemberg,BW,Heilbronn,
74238,Krautheim,Baden-Wurttemberg,BW,Hohenlohekreis,
74239,Hardthausen am Kocher,Baden-Wurttemberg,BW,Heilbronn,
74243,Langenbrettach,Baden-Wurttemberg,BW,Heilbronn,
74245,Lowenstein,Baden-Wurttemberg,BW,Heilbronn,
74246,Eberstadt,Baden-Wurttemberg,BW,Heilbronn,
74248,Ellhofen,Baden-Wurttemberg,BW,Heilbronn,
74249,Jagsthausen,Baden-Wurttemberg,BW,Heilbronn,
74251,Lehrensteinsfeld,Baden-Wurttemberg,BW,Heilbronn,
74252,Massenbachhausen,Baden-Wurttemberg,BW,Heilbronn,
74254,Offenau,Baden-Wurttemberg,BW,Heilbronn,
74255,Roigheim,Baden-Wurttemberg,BW,Heilbronn,
74257,Untereisesheim,Baden-Wurttemberg,BW,Heilbronn,
74259,Widdern,Baden-Wurttemberg,BW,Heilbronn,
74321,Bietigheim-Bissingen,Baden-Wurttemberg,BW,Ludwigsburg,6
74336,Brackenheim,Baden-Wurttemberg,BW,Heilbronn,6
74337,Botenheim,Baden-Wurttemberg,BW,Heilbronn,
74343,Sachsenheim,Baden-Wurttemberg,BW,Ludwigsburg,
74348,Lauffen am Neckar,Baden-Wurttemberg,BW,Heilbronn,
74354,Besigheim,Baden-Wurttemberg,BW,Ludwigsburg,
74357,Bonnigheim,Baden-Wurttemberg,BW,Ludwigsburg,
74360,Ilsfeld,Baden-Wurttemberg,BW,Heilbronn,
74363,Guglingen,Baden-Wurttemberg,BW,Heilbronn,
74366,Kirchheim am Neckar,Baden-Wurttemberg,BW,Ludwigsburg,
74369,Lochgau,Baden-Wurttemberg,BW,Ludwigsburg,
74372,Sersheim,Baden-Wurttemberg,BW,Ludwigsburg,
74374,Zaberfeld,Baden-Wurttemberg,BW,Heilbronn,
74376,Gemmrigheim,Baden-Wurttemberg,BW,Ludwigsburg,
74379,Ingersheim,Baden-Wurttemberg,BW,Ludwigsburg,
74382,Neckarwestheim,Baden-Wurttemberg,BW,Heilbronn,
74385,Pleidelsheim,Baden-Wurttemberg,BW,Ludwigsburg,
74388,Talheim,Baden-Wurttemberg,BW,Heilbronn,
74389,Cleebronn,Baden-Wurttemberg,BW,Heilbronn,
74391,Erligheim,Baden-Wurttemberg,BW,Ludwigsburg,
74392,Freudental,Baden-Wurttemberg,BW,Ludwigsburg,
74394,Hessigheim,Baden-Wurttemberg,BW,Ludwigsburg,
74395,Mundelsheim,Baden-Wurttemberg,BW,Ludwigsburg,
74397,Pfaffenhofen,Baden-Wurttemberg,BW,Heilbronn,
74399,Walheim,Baden-Wurttemberg,BW,Ludwigsburg,
74405,Gaildorf,Baden-Wurttemberg,BW,Schwabisch Hall,
74417,Gschwend,Baden-Wurttemberg,BW,Ostalbkreis,
74420,Oberrot,Baden-Wurttemberg,BW,Schwabisch Hall,
74423,Obersontheim,Baden-Wurttemberg,BW,Schwabisch Hall,
74424,Buhlertann,Baden-Wurttemberg,BW,Schwabisch Hall,
74426,Buhlerzell,Baden-Wurttemberg,BW,Schwabisch Hall,
74427,Fichtenberg,Baden-Wurttemberg,BW,Schwabisch Hall,
74429,Sulzbach-Laufen,Baden-Wurttemberg,BW,Schwabisch Hall,
74523,Schwabisch Hall,Baden-Wurttemberg,BW,Schwabisch Hall,
74532,Ilshofen,Baden-Wurttemberg,BW,Schwabisch Hall,
74535,Mainhardt,Baden-Wurttemberg,BW,Schwabisch Hall,
74538,Rosengarten,Baden-Wurttemberg,BW,Schwabisch Hall,
74541,Vellberg,Baden-Wurttemberg,BW,Schwabisch Hall,
74542,Braunsbach,Baden-Wurttemberg,BW,Schwabisch Hall,
74544,Michelbach an der Bilz,Baden-Wurttemberg,BW,Schwabisch Hall,
74545,Michelfeld,Baden-Wurttemberg,BW,Schwabisch Hall,
74547,Untermunkheim,Baden-Wurttemberg,BW,Schwabisch Hall,
74549,Wolpertshausen,Baden-Wurttemberg,BW,Schwabisch Hall,
74564,Crailsheim,Baden-Wurttemberg,BW,Schwabisch Hall,
74572,Blaufelden,Baden-Wurttemberg,BW,Schwabisch Hall,
74575,Schrozberg,Baden-Wurttemberg,BW,Schwabisch Hall,
74579,Fichtenau,Baden-Wurttemberg,BW,Schwabisch Hall,
74582,Gerabronn,Baden-Wurttemberg,BW,Schwabisch Hall,
74585,Rot am See,Baden-Wurttemberg,BW,Schwabisch Hall,
74586,Frankenhardt,Baden-Wurttemberg,BW,Schwabisch Hall,
74589,Satteldorf,Baden-Wurttemberg,BW,Schwabisch Hall,
74592,Kirchberg an der Jagst,Baden-Wurttemberg,BW,Schwabisch Hall,
74594,Kre?berg,Baden-Wurttemberg,BW,Schwabisch Hall,
74595,Langenburg,Baden-Wurttemberg,BW,Schwabisch Hall,
74597,Stimpfach,Baden-Wurttemberg,BW,Schwabisch Hall,
74599,Wallhausen,Baden-Wurttemberg,BW,Schwabisch Hall,
74613,ohringen,Baden-Wurttemberg,BW,Hohenlohekreis,
74626,Bretzfeld,Baden-Wurttemberg,BW,Hohenlohekreis,
74629,Pfedelbach,Baden-Wurttemberg,BW,Hohenlohekreis,
74632,Neuenstein,Baden-Wurttemberg,BW,Hohenlohekreis,
74635,Kupferzell,Baden-Wurttemberg,BW,Hohenlohekreis,
74638,Waldenburg,Baden-Wurttemberg,BW,Hohenlohekreis,
74639,Zweiflingen,Baden-Wurttemberg,BW,Hohenlohekreis,
74653,Kunzelsau,Baden-Wurttemberg,BW,Hohenlohekreis,
74670,Forchtenberg,Baden-Wurttemberg,BW,Hohenlohekreis,
74673,Mulfingen,Baden-Wurttemberg,BW,Hohenlohekreis,
74676,Niedernhall,Baden-Wurttemberg,BW,Hohenlohekreis,
74677,Dorzbach,Baden-Wurttemberg,BW,Hohenlohekreis,
74679,Wei?bach,Baden-Wurttemberg,BW,Hohenlohekreis,
74706,Osterburken,Baden-Wurttemberg,BW,Neckar-Odenwald-Kreis,
74722,Buchen (Odenwald),Baden-Wurttemberg,BW,Neckar-Odenwald-Kreis,
74731,Walldurn,Baden-Wurttemberg,BW,Neckar-Odenwald-Kreis,
74736,Hardheim,Baden-Wurttemberg,BW,Neckar-Odenwald-Kreis,
74740,Adelsheim,Baden-Wurttemberg,BW,Neckar-Odenwald-Kreis,
74743,Seckach,Baden-Wurttemberg,BW,Neckar-Odenwald-Kreis,
74744,Ahorn,Baden-Wurttemberg,BW,Main-Tauber-Kreis,
74746,Hopfingen,Baden-Wurttemberg,BW,Neckar-Odenwald-Kreis,
74747,Ravenstein,Baden-Wurttemberg,BW,Neckar-Odenwald-Kreis,
74749,Rosenberg,Baden-Wurttemberg,BW,Neckar-Odenwald-Kreis,
74821,Mosbach,Baden-Wurttemberg,BW,Neckar-Odenwald-Kreis,
74831,Gundelsheim,Baden-Wurttemberg,BW,Heilbronn,
74832,Bachenau,Baden-Wurttemberg,BW,Heilbronn,
74834,Elztal,Baden-Wurttemberg,BW,Neckar-Odenwald-Kreis,
74838,Limbach,Baden-Wurttemberg,BW,Neckar-Odenwald-Kreis,
74842,Billigheim,Baden-Wurttemberg,BW,Neckar-Odenwald-Kreis,
74847,Obrigheim,Baden-Wurttemberg,BW,Neckar-Odenwald-Kreis,
74850,Schefflenz,Baden-Wurttemberg,BW,Neckar-Odenwald-Kreis,
74855,Ha?mersheim,Baden-Wurttemberg,BW,Neckar-Odenwald-Kreis,
74858,Aglasterhausen,Baden-Wurttemberg,BW,Neckar-Odenwald-Kreis,
74861,Neudenau,Baden-Wurttemberg,BW,Heilbronn,
74862,Binau,Baden-Wurttemberg,BW,Neckar-Odenwald-Kreis,
74864,Fahrenbach,Baden-Wurttemberg,BW,Neckar-Odenwald-Kreis,
74865,Neckarzimmern,Baden-Wurttemberg,BW,Neckar-Odenwald-Kreis,
74867,Neunkirchen,Baden-Wurttemberg,BW,Neckar-Odenwald-Kreis,
74869,Schwarzach,Baden-Wurttemberg,BW,Neckar-Odenwald-Kreis,
74889,Sinsheim,Baden-Wurttemberg,BW,Rhein-Neckar-Kreis,
74906,Bad Rappenau,Baden-Wurttemberg,BW,Heilbronn,
74909,Meckesheim,Baden-Wurttemberg,BW,Rhein-Neckar-Kreis,
74912,Kirchardt,Baden-Wurttemberg,BW,Heilbronn,
74915,Waibstadt,Baden-Wurttemberg,BW,Rhein-Neckar-Kreis,
74918,Angelbachtal,Baden-Wurttemberg,BW,Rhein-Neckar-Kreis,
74921,Helmstadt-Bargen,Baden-Wurttemberg,BW,Rhein-Neckar-Kreis,
74924,Neckarbischofsheim,Baden-Wurttemberg,BW,Rhein-Neckar-Kreis,
74925,Epfenbach,Baden-Wurttemberg,BW,Rhein-Neckar-Kreis,
74927,Eschelbronn,Baden-Wurttemberg,BW,Rhein-Neckar-Kreis,
74928,Huffenhardt,Baden-Wurttemberg,BW,Neckar-Odenwald-Kreis,
74930,Ittlingen,Baden-Wurttemberg,BW,Heilbronn,
74931,Lobbach,Baden-Wurttemberg,BW,Rhein-Neckar-Kreis,
74933,Neidenstein,Baden-Wurttemberg,BW,Rhein-Neckar-Kreis,
74934,Reichartshausen,Baden-Wurttemberg,BW,Rhein-Neckar-Kreis,
74936,Siegelsbach,Baden-Wurttemberg,BW,Heilbronn,
74937,Spechbach,Baden-Wurttemberg,BW,Rhein-Neckar-Kreis,
74939,Zuzenhausen,Baden-Wurttemberg,BW,Rhein-Neckar-Kreis,
75015,Bretten,Baden-Wurttemberg,BW,Karlsruhe,
75031,Eppingen,Baden-Wurttemberg,BW,Heilbronn,
75038,Oberderdingen,Baden-Wurttemberg,BW,Karlsruhe,
75045,Walzbachtal,Baden-Wurttemberg,BW,Karlsruhe,
75050,Gemmingen,Baden-Wurttemberg,BW,Heilbronn,
75053,Gondelsheim,Baden-Wurttemberg,BW,Karlsruhe,
75056,Sulzfeld,Baden-Wurttemberg,BW,Karlsruhe,
75057,Kurnbach,Baden-Wurttemberg,BW,Karlsruhe,
75059,Zaisenhausen,Baden-Wurttemberg,BW,Karlsruhe,
75172,Pforzheim,Baden-Wurttemberg,BW,Pforzheim,
75173,Pforzheim,Baden-Wurttemberg,BW,Pforzheim,
75175,Pforzheim,Baden-Wurttemberg,BW,Pforzheim,
75177,Pforzheim,Baden-Wurttemberg,BW,Pforzheim,
75179,Pforzheim,Baden-Wurttemberg,BW,Pforzheim,
75180,Pforzheim,Baden-Wurttemberg,BW,Pforzheim,
75181,Pforzheim,Baden-Wurttemberg,BW,Pforzheim,
75196,Remchingen,Baden-Wurttemberg,BW,Enzkreis,
75203,Konigsbach-Stein,Baden-Wurttemberg,BW,Enzkreis,
75210,Keltern,Baden-Wurttemberg,BW,Enzkreis,
75217,Birkenfeld,Baden-Wurttemberg,BW,Enzkreis,
75223,Niefern-oschelbronn,Baden-Wurttemberg,BW,Enzkreis,
75228,Ispringen,Baden-Wurttemberg,BW,Enzkreis,
75233,Tiefenbronn,Baden-Wurttemberg,BW,Enzkreis,
75236,Kampfelbach,Baden-Wurttemberg,BW,Enzkreis,
75239,Eisingen,Baden-Wurttemberg,BW,Enzkreis,
75242,Neuhausen,Baden-Wurttemberg,BW,Enzkreis,
75245,Neulingen,Baden-Wurttemberg,BW,Enzkreis,
75248,olbronn-Durrn,Baden-Wurttemberg,BW,Enzkreis,
75249,Kieselbronn,Baden-Wurttemberg,BW,Enzkreis,
75305,Neuenburg,Baden-Wurttemberg,BW,Enzkreis,
75323,Bad Wildbad im Schwarzwald,Baden-Wurttemberg,BW,Calw,
75328,Schomberg,Baden-Wurttemberg,BW,Calw,
75331,Engelsbrand,Baden-Wurttemberg,BW,Enzkreis,
75334,Straubenhardt,Baden-Wurttemberg,BW,Enzkreis,
75335,Dobel,Baden-Wurttemberg,BW,Calw,
75337,Enzklosterle,Baden-Wurttemberg,BW,Calw,
75339,Hofen an der Enz,Baden-Wurttemberg,BW,Calw,
75365,Calw,Baden-Wurttemberg,BW,Calw,
75378,Bad Liebenzell,Baden-Wurttemberg,BW,Calw,
75382,Althengstett,Baden-Wurttemberg,BW,Calw,
75385,Bad Teinach-Zavelstein,Baden-Wurttemberg,BW,Calw,
75387,Neubulach,Baden-Wurttemberg,BW,Calw,
75389,Neuweiler,Baden-Wurttemberg,BW,Calw,
75391,Gechingen,Baden-Wurttemberg,BW,Calw,
75392,Deckenpfronn,Baden-Wurttemberg,BW,Boblingen,
75394,Oberreichenbach,Baden-Wurttemberg,BW,Calw,
75395,Ostelsheim,Baden-Wurttemberg,BW,Calw,
75397,Simmozheim,Baden-Wurttemberg,BW,Calw,
75399,Unterreichenbach,Baden-Wurttemberg,BW,Calw,
75417,Muhlacker,Baden-Wurttemberg,BW,Enzkreis,
75428,Illingen,Baden-Wurttemberg,BW,Enzkreis,
75433,Maulbronn,Baden-Wurttemberg,BW,Enzkreis,
75438,Knittlingen,Baden-Wurttemberg,BW,Enzkreis,
75443,otisheim,Baden-Wurttemberg,BW,Enzkreis,
75446,Wiernsheim,Baden-Wurttemberg,BW,Enzkreis,
75447,Sternenfels,Baden-Wurttemberg,BW,Enzkreis,
75449,Wurmberg,Baden-Wurttemberg,BW,Enzkreis,
76006,Karlsruhe,Baden-Wurttemberg,BW,Kreisfreie Stadt Karlsruhe,
76131,Karlsruhe,Baden-Wurttemberg,BW,Karlsruhe,
76133,Karlsruhe,Baden-Wurttemberg,BW,Karlsruhe,
76135,Karlsruhe,Baden-Wurttemberg,BW,Karlsruhe,
76137,Karlsruhe,Baden-Wurttemberg,BW,Karlsruhe,
76139,Karlsruhe,Baden-Wurttemberg,BW,Karlsruhe,
76149,Karlsruhe,Baden-Wurttemberg,BW,Karlsruhe,
76185,Karlsruhe,Baden-Wurttemberg,BW,Karlsruhe,
76187,Karlsruhe,Baden-Wurttemberg,BW,Karlsruhe,
76189,Karlsruhe,Baden-Wurttemberg,BW,Karlsruhe,
76199,Karlsruhe,Baden-Wurttemberg,BW,Karlsruhe,
76227,Karlsruhe,Baden-Wurttemberg,BW,Karlsruhe,
76228,Karlsruhe,Baden-Wurttemberg,BW,Karlsruhe,
76229,Karlsruhe,Baden-Wurttemberg,BW,Karlsruhe,
76275,Ettlingen,Baden-Wurttemberg,BW,Karlsruhe,
76287,Rheinstetten,Baden-Wurttemberg,BW,Karlsruhe,
76297,Stutensee,Baden-Wurttemberg,BW,Karlsruhe,
76307,Karlsbad,Baden-Wurttemberg,BW,Karlsruhe,
76316,Malsch,Baden-Wurttemberg,BW,Karlsruhe,
76327,Pfinztal,Baden-Wurttemberg,BW,Karlsruhe,
76332,Bad Herrenalb,Baden-Wurttemberg,BW,Calw,
76337,Waldbronn,Baden-Wurttemberg,BW,Karlsruhe,
76344,Eggenstein-Leopoldshafen,Baden-Wurttemberg,BW,Karlsruhe,
76351,Linkenheim-Hochstetten,Baden-Wurttemberg,BW,Karlsruhe,
76356,Weingarten,Baden-Wurttemberg,BW,Karlsruhe,
76359,Marxzell,Baden-Wurttemberg,BW,Karlsruhe,
76437,Rastatt,Baden-Wurttemberg,BW,Rastatt,
76448,Durmersheim,Baden-Wurttemberg,BW,Rastatt,
76456,Kuppenheim,Baden-Wurttemberg,BW,Rastatt,
76461,Muggensturm,Baden-Wurttemberg,BW,Rastatt,
76467,Bietigheim,Baden-Wurttemberg,BW,Rastatt,
76470,otigheim,Baden-Wurttemberg,BW,Rastatt,
76473,Iffezheim,Baden-Wurttemberg,BW,Rastatt,
76474,Au am Rhein,Baden-Wurttemberg,BW,Rastatt,
76476,Bischweier,Baden-Wurttemberg,BW,Rastatt,
76477,Elchesheim-Illingen,Baden-Wurttemberg,BW,Rastatt,
76479,Steinmauern,Baden-Wurttemberg,BW,Rastatt,
76530,Baden-Baden,Baden-Wurttemberg,BW,Baden-Baden,
76532,Baden-Baden,Baden-Wurttemberg,BW,Baden-Baden,
76534,Baden-Baden,Baden-Wurttemberg,BW,Baden-Baden,
76547,Sinzheim,Baden-Wurttemberg,BW,Rastatt,
76549,Hugelsheim,Baden-Wurttemberg,BW,Rastatt,
76571,Gaggenau,Baden-Wurttemberg,BW,Rastatt,
76593,Gernsbach,Baden-Wurttemberg,BW,Rastatt,
76596,Forbach,Baden-Wurttemberg,BW,Rastatt,
76597,Loffenau,Baden-Wurttemberg,BW,Rastatt,
76599,Weisenbach,Baden-Wurttemberg,BW,Rastatt,
76646,Bruchsal,Baden-Wurttemberg,BW,Karlsruhe,
76661,Philippsburg,Baden-Wurttemberg,BW,Karlsruhe,
76669,Bad Schonborn,Baden-Wurttemberg,BW,Karlsruhe,
76676,Graben-Neudorf,Baden-Wurttemberg,BW,Karlsruhe,
76684,ostringen,Baden-Wurttemberg,BW,Karlsruhe,
76689,Karlsdorf-Neuthard,Baden-Wurttemberg,BW,Karlsruhe,
76694,Forst,Baden-Wurttemberg,BW,Karlsruhe,
76698,Ubstadt-Weiher,Baden-Wurttemberg,BW,Karlsruhe,
76703,Kraichtal,Baden-Wurttemberg,BW,Karlsruhe,
76706,Dettenheim,Baden-Wurttemberg,BW,Karlsruhe,
76707,Hambrucken,Baden-Wurttemberg,BW,Karlsruhe,
76709,Kronau,Baden-Wurttemberg,BW,Karlsruhe,
76726,Germersheim,Rheinland-Pfalz,RP,Germersheim,
76744,Vollmersweiler,Rheinland-Pfalz,RP,Germersheim,
76751,Jockgrim,Rheinland-Pfalz,RP,Germersheim,
76756,Bellheim,Rheinland-Pfalz,RP,Germersheim,
76761,Rulzheim,Rheinland-Pfalz,RP,Germersheim,
76764,Rheinzabern,Rheinland-Pfalz,RP,Germersheim,
76767,Hagenbach,Rheinland-Pfalz,RP,Germersheim,
76768,Berg (Pfalz),Rheinland-Pfalz,RP,Germersheim,
76770,Hatzenbuhl,Rheinland-Pfalz,RP,Germersheim,
76771,Hordt,Rheinland-Pfalz,RP,Germersheim,
76773,Kuhardt,Rheinland-Pfalz,RP,Germersheim,
76774,Leimersheim,Rheinland-Pfalz,RP,Germersheim,
76776,Neuburg am Rhein,Rheinland-Pfalz,RP,Germersheim,
76777,Neupotz,Rheinland-Pfalz,RP,Germersheim,
76779,Scheibenhardt,Rheinland-Pfalz,RP,Germersheim,
76829,Ranschbach,Rheinland-Pfalz,RP,Sudliche Weinstra?e,
76831,Billigheim-Ingenheim,Rheinland-Pfalz,RP,Sudliche Weinstra?e,
76833,Bochingen,Rheinland-Pfalz,RP,Sudliche Weinstra?e,
76835,Weyher in der Pfalz,Rheinland-Pfalz,RP,Sudliche Weinstra?e,
76846,Hauenstein,Rheinland-Pfalz,RP,Sudwestpfalz,
76848,Darstein,Rheinland-Pfalz,RP,Sudwestpfalz,
76855,Annweiler am Trifels,Rheinland-Pfalz,RP,Sudliche Weinstra?e,
76857,Munchweiler am Klingbach,Rheinland-Pfalz,RP,Sudliche Weinstra?e,
76863,Herxheim bei Landau/Pfalz,Rheinland-Pfalz,RP,Sudliche Weinstra?e,
76865,Rohrbach,Rheinland-Pfalz,RP,Sudliche Weinstra?e,
76870,Kandel,Rheinland-Pfalz,RP,Germersheim,
76872,Steinweiler,Rheinland-Pfalz,RP,Sudliche Weinstra?e,
76877,Offenbach an der Queich,Rheinland-Pfalz,RP,Sudliche Weinstra?e,
76879,Essingen,Rheinland-Pfalz,RP,Sudliche Weinstra?e,
76887,Oberhausen,Rheinland-Pfalz,RP,Sudliche Weinstra?e,
76889,Dierbach,Rheinland-Pfalz,RP,Sudliche Weinstra?e,
76891,Erlenbach,Rheinland-Pfalz,RP,Sudwestpfalz,
77652,Offenburg,Baden-Wurttemberg,BW,Ortenaukreis,
77654,Offenburg,Baden-Wurttemberg,BW,Ortenaukreis,
77656,Offenburg,Baden-Wurttemberg,BW,Ortenaukreis,
77694,Kehl,Baden-Wurttemberg,BW,Ortenaukreis,
77704,Oberkirch,Baden-Wurttemberg,BW,Ortenaukreis,
77709,Wolfach,Baden-Wurttemberg,BW,Ortenaukreis,
77716,Hofstetten,Baden-Wurttemberg,BW,Ortenaukreis,
77723,Gengenbach,Baden-Wurttemberg,BW,Ortenaukreis,
77728,Oppenau,Baden-Wurttemberg,BW,Ortenaukreis,
77731,Willstatt,Baden-Wurttemberg,BW,Ortenaukreis,
77736,Zell am Harmersbach,Baden-Wurttemberg,BW,Ortenaukreis,
77740,Bad Peterstal-Griesbach,Baden-Wurttemberg,BW,Ortenaukreis,
77743,Neuried,Baden-Wurttemberg,BW,Ortenaukreis,
77746,Schutterwald,Baden-Wurttemberg,BW,Ortenaukreis,
77749,Hohberg,Baden-Wurttemberg,BW,Ortenaukreis,
77756,Hausach,Baden-Wurttemberg,BW,Ortenaukreis,
77761,Schiltach,Baden-Wurttemberg,BW,Rottweil,
77767,Appenweier,Baden-Wurttemberg,BW,Ortenaukreis,
77770,Durbach,Baden-Wurttemberg,BW,Ortenaukreis,
77773,Schenkenzell,Baden-Wurttemberg,BW,Rottweil,
77776,Bad Rippoldsau-Schapbach,Baden-Wurttemberg,BW,Freudenstadt,
77781,Biberach,Baden-Wurttemberg,BW,Ortenaukreis,
77784,Oberharmersbach,Baden-Wurttemberg,BW,Ortenaukreis,
77787,Nordrach,Baden-Wurttemberg,BW,Ortenaukreis,
77790,Steinach,Baden-Wurttemberg,BW,Ortenaukreis,
77791,Berghaupten,Baden-Wurttemberg,BW,Ortenaukreis,
77793,Gutach (Schwarzwaldbahn),Baden-Wurttemberg,BW,Ortenaukreis,
77794,Lautenbach,Baden-Wurttemberg,BW,Ortenaukreis,
77796,Muhlenbach,Baden-Wurttemberg,BW,Ortenaukreis,
77797,Ohlsbach,Baden-Wurttemberg,BW,Ortenaukreis,
77799,Ortenberg,Baden-Wurttemberg,BW,Ortenaukreis,
77815,Buhl,Baden-Wurttemberg,BW,Rastatt,
77830,Buhlertal,Baden-Wurttemberg,BW,Rastatt,
77833,Ottersweier,Baden-Wurttemberg,BW,Rastatt,
77836,Rheinmunster,Baden-Wurttemberg,BW,Rastatt,
77839,Lichtenau,Baden-Wurttemberg,BW,Rastatt,
77855,Achern,Baden-Wurttemberg,BW,Ortenaukreis,
77866,Rheinau,Baden-Wurttemberg,BW,Ortenaukreis,
77871,Renchen,Baden-Wurttemberg,BW,Ortenaukreis,
77876,Kappelrodeck,Baden-Wurttemberg,BW,Ortenaukreis,
77880,Sasbach,Baden-Wurttemberg,BW,Ortenaukreis,
77883,Ottenhofen im Schwarzwald,Baden-Wurttemberg,BW,Ortenaukreis,
77886,Lauf,Baden-Wurttemberg,BW,Ortenaukreis,
77887,Sasbachwalden,Baden-Wurttemberg,BW,Ortenaukreis,
77889,Seebach,Baden-Wurttemberg,BW,Ortenaukreis,
77933,Lahr/Schwarzwald,Baden-Wurttemberg,BW,Ortenaukreis,
77944,Friesenheim,Baden-Wurttemberg,BW,Ortenaukreis,
77948,Friesenheim,Baden-Wurttemberg,BW,Ortenaukreis,
77955,Ettenheim,Baden-Wurttemberg,BW,Ortenaukreis,
77960,Seelbach,Baden-Wurttemberg,BW,Ortenaukreis,
77963,Schwanau,Baden-Wurttemberg,BW,Ortenaukreis,
77966,Kappel-Grafenhausen,Baden-Wurttemberg,BW,Ortenaukreis,
77971,Kippenheim,Baden-Wurttemberg,BW,Ortenaukreis,
77972,Mahlberg,Baden-Wurttemberg,BW,Ortenaukreis,
77974,Mei?enheim,Baden-Wurttemberg,BW,Ortenaukreis,
77975,Ringsheim,Baden-Wurttemberg,BW,Ortenaukreis,
77977,Rust,Baden-Wurttemberg,BW,Ortenaukreis,
77978,Schuttertal,Baden-Wurttemberg,BW,Ortenaukreis,
78048,Villingen-Schwenningen,Baden-Wurttemberg,BW,Schwarzwald-Baar-Kreis,
78050,Villingen-Schwenningen,Baden-Wurttemberg,BW,Schwarzwald-Baar-Kreis,
78052,Villingen-Schwenningen,Baden-Wurttemberg,BW,Schwarzwald-Baar-Kreis,
78054,Villingen-Schwenningen,Baden-Wurttemberg,BW,Schwarzwald-Baar-Kreis,
78056,Villingen-Schwenningen,Baden-Wurttemberg,BW,Schwarzwald-Baar-Kreis,
78073,Bad Durrheim,Baden-Wurttemberg,BW,Schwarzwald-Baar-Kreis,
78078,Niedereschach,Baden-Wurttemberg,BW,Schwarzwald-Baar-Kreis,
78083,Dauchingen,Baden-Wurttemberg,BW,Schwarzwald-Baar-Kreis,
78086,Brigachtal,Baden-Wurttemberg,BW,Schwarzwald-Baar-Kreis,
78087,Monchweiler,Baden-Wurttemberg,BW,Schwarzwald-Baar-Kreis,
78089,Unterkirnach,Baden-Wurttemberg,BW,Schwarzwald-Baar-Kreis,
78098,Triberg,Baden-Wurttemberg,BW,Schwarzwald-Baar-Kreis,
78112,Sankt Georgen im Schwarzwald,Baden-Wurttemberg,BW,Schwarzwald-Baar-Kreis,
78120,Furtwangen im Schwarzwald,Baden-Wurttemberg,BW,Schwarzwald-Baar-Kreis,
78126,Konigsfeld im Schwarzwald,Baden-Wurttemberg,BW,Schwarzwald-Baar-Kreis,
78132,Hornberg,Baden-Wurttemberg,BW,Ortenaukreis,
78136,Schonach im Schwarzwald,Baden-Wurttemberg,BW,Schwarzwald-Baar-Kreis,
78141,Schonwald im Schwarzwald,Baden-Wurttemberg,BW,Schwarzwald-Baar-Kreis,
78144,Tennenbronn,Baden-Wurttemberg,BW,Rottweil,
78147,Vohrenbach,Baden-Wurttemberg,BW,Schwarzwald-Baar-Kreis,
78148,Gutenbach,Baden-Wurttemberg,BW,Schwarzwald-Baar-Kreis,
78166,Donaueschingen,Baden-Wurttemberg,BW,Schwarzwald-Baar-Kreis,
78176,Blumberg,Baden-Wurttemberg,BW,Schwarzwald-Baar-Kreis,
78183,Hufingen,Baden-Wurttemberg,BW,Schwarzwald-Baar-Kreis,
78187,Geisingen,Baden-Wurttemberg,BW,Tuttlingen,
78194,Immendingen,Baden-Wurttemberg,BW,Tuttlingen,
78199,Braunlingen,Baden-Wurttemberg,BW,Schwarzwald-Baar-Kreis,
78224,Singen,Baden-Wurttemberg,BW,Konstanz,
78234,Engen,Baden-Wurttemberg,BW,Konstanz,
78239,Rielasingen-Worblingen,Baden-Wurttemberg,BW,Konstanz,
78244,Gottmadingen,Baden-Wurttemberg,BW,Konstanz,
78247,Hilzingen,Baden-Wurttemberg,BW,Konstanz,
78250,Tengen,Baden-Wurttemberg,BW,Konstanz,
78253,Eigeltingen,Baden-Wurttemberg,BW,Konstanz,
78256,Stei?lingen,Baden-Wurttemberg,BW,Konstanz,
78259,Muhlhausen-Ehingen,Baden-Wurttemberg,BW,Konstanz,
78262,Gailingen am Hochrhein,Baden-Wurttemberg,BW,Konstanz,
78266,Busingen am Hochrhein,Baden-Wurttemberg,BW,Konstanz,
78267,Aach,Baden-Wurttemberg,BW,Konstanz,
78269,Volkertshausen,Baden-Wurttemberg,BW,Konstanz,
78315,Radolfzell am Bodensee,Baden-Wurttemberg,BW,Konstanz,
78333,Stockach,Baden-Wurttemberg,BW,Konstanz,
78337,ohningen,Baden-Wurttemberg,BW,Konstanz,
78343,Gaienhofen,Baden-Wurttemberg,BW,Konstanz,
78345,Moos,Baden-Wurttemberg,BW,Konstanz,
78351,Bodman-Ludwigshafen,Baden-Wurttemberg,BW,Konstanz,
78354,Sipplingen,Baden-Wurttemberg,BW,Bodenseekreis,
78355,Hohenfels,Baden-Wurttemberg,BW,Konstanz,
78357,Muhlingen,Baden-Wurttemberg,BW,Konstanz,
78359,Orsingen-Nenzingen,Baden-Wurttemberg,BW,Konstanz,
78462,Konstanz,Baden-Wurttemberg,BW,Konstanz,
78464,Konstanz,Baden-Wurttemberg,BW,Konstanz,
78465,Konstanz,Baden-Wurttemberg,BW,Konstanz,
78467,Konstanz,Baden-Wurttemberg,BW,Konstanz,
78476,Allensbach,Baden-Wurttemberg,BW,Konstanz,
78479,Reichenau,Baden-Wurttemberg,BW,Konstanz,
78532,Tuttlingen,Baden-Wurttemberg,BW,Tuttlingen,
78549,Spaichingen,Baden-Wurttemberg,BW,Tuttlingen,
78554,Aldingen,Baden-Wurttemberg,BW,Tuttlingen,
78559,Gosheim,Baden-Wurttemberg,BW,Tuttlingen,
78564,Wehingen,Baden-Wurttemberg,BW,Tuttlingen,
78567,Fridingen an der Donau,Baden-Wurttemberg,BW,Tuttlingen,
78570,Muhlheim an der Donau,Baden-Wurttemberg,BW,Tuttlingen,
78573,Wurmlingen,Baden-Wurttemberg,BW,Tuttlingen,
78576,Emmingen-Liptingen,Baden-Wurttemberg,BW,Tuttlingen,
78579,Neuhausen ob Eck,Baden-Wurttemberg,BW,Tuttlingen,
78580,Barenthal,Baden-Wurttemberg,BW,Tuttlingen,
78582,Balgheim,Baden-Wurttemberg,BW,Tuttlingen,
78583,Bottingen,Baden-Wurttemberg,BW,Tuttlingen,
78585,Bubsheim,Baden-Wurttemberg,BW,Tuttlingen,
78586,Deilingen,Baden-Wurttemberg,BW,Tuttlingen,
78588,Denkingen,Baden-Wurttemberg,BW,Tuttlingen,
78589,Durbheim,Baden-Wurttemberg,BW,Tuttlingen,
78591,Durchhausen,Baden-Wurttemberg,BW,Tuttlingen,
78592,Egesheim,Baden-Wurttemberg,BW,Tuttlingen,
78594,Gunningen,Baden-Wurttemberg,BW,Tuttlingen,
78595,Hausen ob Verena,Baden-Wurttemberg,BW,Tuttlingen,
78597,Irndorf,Baden-Wurttemberg,BW,Tuttlingen,
78598,Konigsheim,Baden-Wurttemberg,BW,Tuttlingen,
78600,Kolbingen,Baden-Wurttemberg,BW,Tuttlingen,
78601,Mahlstetten,Baden-Wurttemberg,BW,Tuttlingen,
78603,Renquishausen,Baden-Wurttemberg,BW,Tuttlingen,
78604,Rietheim-Weilheim,Baden-Wurttemberg,BW,Tuttlingen,
78606,Seitingen-Oberflacht,Baden-Wurttemberg,BW,Tuttlingen,
78607,Talheim,Baden-Wurttemberg,BW,Tuttlingen,
78609,Tuningen,Baden-Wurttemberg,BW,Schwarzwald-Baar-Kreis,
78628,Rottweil,Baden-Wurttemberg,BW,Rottweil,
78647,Trossingen,Baden-Wurttemberg,BW,Tuttlingen,
78652,Dei?lingen,Baden-Wurttemberg,BW,Rottweil,
78655,Dunningen,Baden-Wurttemberg,BW,Rottweil,
78658,Zimmern ob Rottweil,Baden-Wurttemberg,BW,Rottweil,
78661,Dietingen,Baden-Wurttemberg,BW,Rottweil,
78662,Bosingen,Baden-Wurttemberg,BW,Rottweil,
78664,Eschbronn,Baden-Wurttemberg,BW,Rottweil,
78665,Frittlingen,Baden-Wurttemberg,BW,Tuttlingen,
78667,Villingendorf,Baden-Wurttemberg,BW,Rottweil,
78669,Wellendingen,Baden-Wurttemberg,BW,Rottweil,
78713,Schramberg,Baden-Wurttemberg,BW,Rottweil,
78727,Oberndorf am Neckar,Baden-Wurttemberg,BW,Rottweil,
78730,Lauterbach,Baden-Wurttemberg,BW,Rottweil,
78733,Aichhalden,Baden-Wurttemberg,BW,Rottweil,
78736,Epfendorf,Baden-Wurttemberg,BW,Rottweil,
78737,Fluorn-Winzeln,Baden-Wurttemberg,BW,Rottweil,
78739,Hardt,Baden-Wurttemberg,BW,Rottweil,
79098,Freiburg im Breisgau,Baden-Wurttemberg,BW,Freiburg im Breisgau,
79100,Freiburg im Breisgau,Baden-Wurttemberg,BW,Freiburg im Breisgau,
79102,Freiburg im Breisgau,Baden-Wurttemberg,BW,Freiburg im Breisgau,
79104,Freiburg im Breisgau,Baden-Wurttemberg,BW,Freiburg im Breisgau,
79106,Freiburg im Breisgau,Baden-Wurttemberg,BW,Freiburg im Breisgau,
79108,Freiburg im Breisgau,Baden-Wurttemberg,BW,Freiburg im Breisgau,
79110,Freiburg im Breisgau,Baden-Wurttemberg,BW,Freiburg im Breisgau,
79111,Freiburg im Breisgau,Baden-Wurttemberg,BW,Freiburg im Breisgau,
79112,Freiburg im Breisgau,Baden-Wurttemberg,BW,Freiburg im Breisgau,
79114,Freiburg im Breisgau,Baden-Wurttemberg,BW,Freiburg im Breisgau,
79115,Freiburg im Breisgau,Baden-Wurttemberg,BW,Freiburg im Breisgau,
79117,Freiburg im Breisgau,Baden-Wurttemberg,BW,Freiburg im Breisgau,
79183,Waldkirch,Baden-Wurttemberg,BW,Emmendingen,
79189,Bad Krozingen,Baden-Wurttemberg,BW,Breisgau-Hochschwarzwald,
79194,Gundelfingen,Baden-Wurttemberg,BW,Breisgau-Hochschwarzwald,
79199,Kirchzarten,Baden-Wurttemberg,BW,Breisgau-Hochschwarzwald,
79206,Breisach am Rhein,Baden-Wurttemberg,BW,Breisgau-Hochschwarzwald,
79211,Denzlingen,Baden-Wurttemberg,BW,Emmendingen,
79215,Elzach,Baden-Wurttemberg,BW,Emmendingen,
79219,Staufen im Breisgau,Baden-Wurttemberg,BW,Breisgau-Hochschwarzwald,
79224,Umkirch,Baden-Wurttemberg,BW,Breisgau-Hochschwarzwald,
79227,Schallstadt,Baden-Wurttemberg,BW,Breisgau-Hochschwarzwald,
79232,March,Baden-Wurttemberg,BW,Breisgau-Hochschwarzwald,
79235,Vogtsburg im Kaiserstuhl,Baden-Wurttemberg,BW,Breisgau-Hochschwarzwald,
79238,Ehrenkirchen,Baden-Wurttemberg,BW,Breisgau-Hochschwarzwald,
79241,Ihringen,Baden-Wurttemberg,BW,Breisgau-Hochschwarzwald,
79244,Munstertal,Baden-Wurttemberg,BW,Breisgau-Hochschwarzwald,
79249,Merzhausen,Baden-Wurttemberg,BW,Breisgau-Hochschwarzwald,
79252,Stegen,Baden-Wurttemberg,BW,Breisgau-Hochschwarzwald,
79254,Oberried,Baden-Wurttemberg,BW,Breisgau-Hochschwarzwald,
79256,Buchenbach,Baden-Wurttemberg,BW,Breisgau-Hochschwarzwald,
79258,Hartheim,Baden-Wurttemberg,BW,Breisgau-Hochschwarzwald,
79261,Gutach im Breisgau,Baden-Wurttemberg,BW,Emmendingen,
79263,Simonswald,Baden-Wurttemberg,BW,Emmendingen,
79268,Botzingen,Baden-Wurttemberg,BW,Breisgau-Hochschwarzwald,
79271,Sankt Peter,Baden-Wurttemberg,BW,Breisgau-Hochschwarzwald,
79274,Sankt Margen,Baden-Wurttemberg,BW,Breisgau-Hochschwarzwald,
79276,Reute,Baden-Wurttemberg,BW,Emmendingen,
79279,Vorstetten,Baden-Wurttemberg,BW,Emmendingen,
79280,Au,Baden-Wurttemberg,BW,Breisgau-Hochschwarzwald,
79282,Ballrechten-Dottingen,Baden-Wurttemberg,BW,Breisgau-Hochschwarzwald,
79283,Bollschweil,Baden-Wurttemberg,BW,Breisgau-Hochschwarzwald,
79285,Ebringen,Baden-Wurttemberg,BW,Breisgau-Hochschwarzwald,
79286,Glottertal,Baden-Wurttemberg,BW,Breisgau-Hochschwarzwald,
79288,Gottenheim,Baden-Wurttemberg,BW,Breisgau-Hochschwarzwald,
79289,Horben,Baden-Wurttemberg,BW,Breisgau-Hochschwarzwald,
79291,Merdingen,Baden-Wurttemberg,BW,Breisgau-Hochschwarzwald,
79292,Pfaffenweiler,Baden-Wurttemberg,BW,Breisgau-Hochschwarzwald,
79294,Solden,Baden-Wurttemberg,BW,Breisgau-Hochschwarzwald,
79295,Sulzburg,Baden-Wurttemberg,BW,Breisgau-Hochschwarzwald,
79297,Winden im Elztal,Baden-Wurttemberg,BW,Emmendingen,
79299,Wittnau,Baden-Wurttemberg,BW,Breisgau-Hochschwarzwald,
79312,Emmendingen,Baden-Wurttemberg,BW,Emmendingen,
79331,Teningen,Baden-Wurttemberg,BW,Emmendingen,
79336,Herbolzheim,Baden-Wurttemberg,BW,Emmendingen,
79341,Kenzingen,Baden-Wurttemberg,BW,Emmendingen,
79346,Endingen am Kaiserstuhl,Baden-Wurttemberg,BW,Emmendingen,
79348,Freiamt,Baden-Wurttemberg,BW,Emmendingen,
79350,Sexau,Baden-Wurttemberg,BW,Emmendingen,
79353,Bahlingen am Kaiserstuhl,Baden-Wurttemberg,BW,Emmendingen,
79356,Eichstetten am Kaiserstuhl,Baden-Wurttemberg,BW,Breisgau-Hochschwarzwald,
79359,Riegel am Kaiserstuhl,Baden-Wurttemberg,BW,Emmendingen,
79361,Sasbach am Kaiserstuhl,Baden-Wurttemberg,BW,Emmendingen,
79362,Forchheim,Baden-Wurttemberg,BW,Emmendingen,
79364,Malterdingen,Baden-Wurttemberg,BW,Emmendingen,
79365,Rheinhausen,Baden-Wurttemberg,BW,Emmendingen,
79367,Weisweil,Baden-Wurttemberg,BW,Emmendingen,
79369,Wyhl am Kaiserstuhl,Baden-Wurttemberg,BW,Emmendingen,
79379,Mullheim,Baden-Wurttemberg,BW,Breisgau-Hochschwarzwald,
79395,Neuenburg am Rhein,Baden-Wurttemberg,BW,Breisgau-Hochschwarzwald,
79400,Kandern,Baden-Wurttemberg,BW,Lorrach,
79410,Badenweiler,Baden-Wurttemberg,BW,Breisgau-Hochschwarzwald,
79415,Bad Bellingen,Baden-Wurttemberg,BW,Lorrach,
79418,Schliengen,Baden-Wurttemberg,BW,Lorrach,
79423,Heitersheim,Baden-Wurttemberg,BW,Breisgau-Hochschwarzwald,
79424,Auggen,Baden-Wurttemberg,BW,Breisgau-Hochschwarzwald,
79426,Buggingen,Baden-Wurttemberg,BW,Breisgau-Hochschwarzwald,
79427,Eschbach,Baden-Wurttemberg,BW,Breisgau-Hochschwarzwald,
79429,Malsburg-Marzell,Baden-Wurttemberg,BW,Lorrach,
79513,Rottlerweiler,Baden-Wurttemberg,BW,Lorrach,
79539,Lorrach,Baden-Wurttemberg,BW,Lorrach,
79540,Lorrach,Baden-Wurttemberg,BW,Lorrach,
79541,Lorrach,Baden-Wurttemberg,BW,Lorrach,
79576,Weil am Rhein,Baden-Wurttemberg,BW,Lorrach,
79578,Steinen,Baden-Wurttemberg,BW,Landkreis Lorrach,
79585,Steinen,Baden-Wurttemberg,BW,Lorrach,
79588,Efringen-Kirchen,Baden-Wurttemberg,BW,Lorrach,
79589,Binzen,Baden-Wurttemberg,BW,Lorrach,
79591,Eimeldingen,Baden-Wurttemberg,BW,Lorrach,
79592,Fischingen,Baden-Wurttemberg,BW,Lorrach,
79594,Inzlingen,Baden-Wurttemberg,BW,Lorrach,
79595,Rummingen,Baden-Wurttemberg,BW,Lorrach,
79597,Schallbach,Baden-Wurttemberg,BW,Lorrach,
79599,Wittlingen,Baden-Wurttemberg,BW,Lorrach,
79618,Rheinfelden,Baden-Wurttemberg,BW,Lorrach,
79639,Grenzach-Wyhlen,Baden-Wurttemberg,BW,Lorrach,
79650,Schopfheim,Baden-Wurttemberg,BW,Lorrach,
79664,Wehr,Baden-Wurttemberg,BW,Waldshut,
79669,Zell im Wiesental,Baden-Wurttemberg,BW,Lorrach,
79674,Todtnau,Baden-Wurttemberg,BW,Lorrach,
79677,Schonenberg,Baden-Wurttemberg,BW,Lorrach,
79682,Todtmoos,Baden-Wurttemberg,BW,Waldshut,
79683,Burchau,Baden-Wurttemberg,BW,Landkreis Lorrach,
79685,Hag-Ehrsberg,Baden-Wurttemberg,BW,Lorrach,
79686,Hasel,Baden-Wurttemberg,BW,Lorrach,
79688,Hausen im Wiesental,Baden-Wurttemberg,BW,Lorrach,
79689,Maulburg,Baden-Wurttemberg,BW,Lorrach,
79691,Neuenweg,Baden-Wurttemberg,BW,Landkreis Lorrach,
79692,Tegernau,Baden-Wurttemberg,BW,Lorrach,
79694,Utzenfeld,Baden-Wurttemberg,BW,Lorrach,
79695,Wieden,Baden-Wurttemberg,BW,Lorrach,
79697,Wies,Baden-Wurttemberg,BW,Landkreis Lorrach,
79699,Wieslet,Baden-Wurttemberg,BW,Landkreis Lorrach,
79713,Bad Sackingen,Baden-Wurttemberg,BW,Waldshut,
79725,Laufenburg,Baden-Wurttemberg,BW,Waldshut,
79730,Murg,Baden-Wurttemberg,BW,Waldshut,
79733,Gorwihl,Baden-Wurttemberg,BW,Waldshut,
79736,Rickenbach,Baden-Wurttemberg,BW,Waldshut,
79737,Herrischried,Baden-Wurttemberg,BW,Waldshut,
79739,Schworstadt,Baden-Wurttemberg,BW,Lorrach,
79761,Waldshut-Tiengen,Baden-Wurttemberg,BW,Waldshut,
79771,Klettgau,Baden-Wurttemberg,BW,Waldshut,
79774,Albbruck,Baden-Wurttemberg,BW,Waldshut,
79777,uhlingen-Birkendorf,Baden-Wurttemberg,BW,Waldshut,
79780,Stuhlingen,Baden-Wurttemberg,BW,Waldshut,
79787,Lauchringen,Baden-Wurttemberg,BW,Waldshut,
79790,Kussaberg,Baden-Wurttemberg,BW,Waldshut,
79793,Wutoschingen,Baden-Wurttemberg,BW,Waldshut,
79798,Jestetten,Baden-Wurttemberg,BW,Waldshut,
79801,Hohentengen am Hochrhein,Baden-Wurttemberg,BW,Waldshut,
79802,Dettighofen,Baden-Wurttemberg,BW,Waldshut,
79804,Dogern,Baden-Wurttemberg,BW,Waldshut,
79805,Eggingen,Baden-Wurttemberg,BW,Waldshut,
79807,Lottstetten,Baden-Wurttemberg,BW,Waldshut,
79809,Weilheim,Baden-Wurttemberg,BW,Waldshut,
79822,Titisee-Neustadt,Baden-Wurttemberg,BW,Breisgau-Hochschwarzwald,
79837,Sankt Blasien,Baden-Wurttemberg,BW,Waldshut,
79843,Loffingen,Baden-Wurttemberg,BW,Breisgau-Hochschwarzwald,
79848,Bonndorf im Schwarzwald,Baden-Wurttemberg,BW,Waldshut,
79853,Lenzkirch,Baden-Wurttemberg,BW,Breisgau-Hochschwarzwald,
79856,Hinterzarten,Baden-Wurttemberg,BW,Breisgau-Hochschwarzwald,
79859,Schluchsee,Baden-Wurttemberg,BW,Breisgau-Hochschwarzwald,
79862,Hochenschwand,Baden-Wurttemberg,BW,Waldshut,
79865,Grafenhausen,Baden-Wurttemberg,BW,Waldshut,
79868,Feldberg,Baden-Wurttemberg,BW,Breisgau-Hochschwarzwald,
79871,Eisenbach (Hochschwarzwald),Baden-Wurttemberg,BW,Breisgau-Hochschwarzwald,
79872,Bernau,Baden-Wurttemberg,BW,Waldshut,
79874,Breitnau,Baden-Wurttemberg,BW,Breisgau-Hochschwarzwald,
79875,Dachsberg,Baden-Wurttemberg,BW,Waldshut,
79877,Friedenweiler,Baden-Wurttemberg,BW,Breisgau-Hochschwarzwald,
79879,Wutach,Baden-Wurttemberg,BW,Waldshut,
